,fail,total_seq_no,seq_no,real_mem_avg,real_cpu_avg,cpu_mem
fail,1.0,0.726667994390156,0.26141717333649794,-0.016052990385553745,-0.025252361180070577,-0.015103521109507538
total_seq_no,0.726667994390156,1.0,0.7816045204204513,-0.021967832284579346,-0.04429513913682282,-0.015938102616153065
seq_no,0.26141717333649794,0.7816045204204513,1.0,-0.017174811335046412,-0.03408158627488274,-0.012018562399573106
real_mem_avg,-0.016052990385553745,-0.021967832284579346,-0.017174811335046412,1.0,0.029837248354070908,-0.4823596692977713
real_cpu_avg,-0.025252361180070577,-0.04429513913682282,-0.03408158627488274,0.029837248354070908,1.0,0.2821559341132383
cpu_mem,-0.015103521109507538,-0.015938102616153065,-0.012018562399573106,-0.4823596692977713,0.2821559341132383,1.0
